age,sex,2010,2011,2012,2013,2014,2015,2016,2017,2018,2019,2020,2021,2022,2023,2024,2025,2026,2027,2028,2029,2030,2031,2032,2033,2034,2035,2036,2037,2038,2039,2040,2041,2042,2043,2044,2045,2046,2047,2048,2049,2050,2051,2052,2053,2054,2055,2056,2057,2058,2059,2060
0,men,1486185,1489875,1494652,1490241,1510117,1540799,1509051,1497227,1524054,1515249,1505665,1495092,1482939,1469396,1455357,1440908,1426287,1411630,1396875,1382460,1368777,1355232,1341550,1328470,1316162,1304551,1293247,1282187,1271809,1261963,1252551,1243522,1235167,1227528,1220040,1212592,1205236,1198154,1191211,1183924,1176146,1168162,1160184,1151840,1142904,1133403,1123734,1114207,1104418,1094335,1084145
1,men,1505037,1482606,1486525,1491517,1487285,1507283,1538105,1506552,1494869,1521777,1513074,1503576,1493084,1481012,1467542,1453582,1439203,1424650,1410057,1395359,1380996,1367360,1353864,1340227,1327187,1314917,1303339,1292062,1281040,1270687,1260871,1251481,1242474,1234137,1226524,1219052,1211626,1204287,1197217,1190292,1183020,1175256,1167290,1159325,1150996,1142072,1132583,1122927,1113415,1103633,1093566
2,men,1514121,1503620,1481256,1485214,1490235,1486049,1506069,1536928,1505463,1493811,1520716,1512039,1502556,1492085,1480036,1466598,1452671,1438318,1423795,1409231,1394560,1380218,1366606,1353128,1339514,1326493,1314243,1302688,1291422,1280418,1270074,1260276,1250901,1241912,1233583,1225982,1218513,1211099,1203773,1196714,1189800,1182536,1174776,1166825,1158861,1150541,1141624,1132145,1122502,1112992,1103216
3,men,1525255,1513165,1502699,1480374,1484357,1489399,1485242,1505292,1536188,1504762,1493119,1520011,1511348,1501867,1491415,1479390,1465967,1452058,1437720,1423223,1408673,1394019,1379690,1366096,1352631,1339030,1326022,1313787,1302237,1290981,1279993,1269664,1259871,1250501,1241522,1233201,1225608,1218147,1210738,1203419,1196364,1189455,1182202,1174443,1166506,1158542,1150227,1141315,1131844,1122208,1112700
4,men,1563918,1524495,1512435,1501991,1479696,1483696,1488756,1484643,1504727,1535624,1504215,1492581,1519459,1510804,1501328,1490886,1478878,1465477,1451585,1437255,1422772,1408233,1393597,1379274,1365698,1352240,1338651,1325649,1313429,1301887,1290634,1279655,1269338,1259554,1250192,1241216,1232902,1225310,1217859,1210453,1203141,1196093,1189187,1181937,1174180,1166251,1158288,1149981,1141070,1131602,1121978
5,men,1582546,1563308,1523910,1511871,1501444,1479177,1483191,1488290,1484214,1504300,1535189,1503791,1492152,1519017,1510373,1500907,1490475,1478480,1465087,1451211,1436887,1422415,1407886,1393265,1378948,1365381,1351933,1338353,1325360,1313144,1301615,1290363,1279385,1269079,1259295,1249941,1240972,1232662,1225073,1217629,1210227,1202916,1195869,1188975,1181730,1173974,1166047,1158085,1149785,1140881,1131408
6,men,1587618,1582023,1562802,1523426,1511405,1500989,1478749,1482804,1487937,1483873,1503944,1534825,1503433,1491792,1518647,1510014,1500554,1490131,1478153,1464763,1450899,1436584,1422119,1407598,1392981,1378670,1365113,1351671,1338098,1325111,1312900,1301376,1290134,1279158,1268862,1259079,1249726,1240763,1232454,1224872,1217432,1210032,1202730,1195684,1188786,1181551,1173802,1165873,1157913,1149612,1140713
7,men,1602699,1587088,1581510,1562307,1522953,1510948,1500549,1478350,1482447,1487591,1483521,1503586,1534457,1503064,1491431,1518289,1509662,1500211,1489794,1477826,1464445,1450589,1436284,1421827,1407314,1392706,1378400,1364845,1351413,1337850,1324866,1312664,1301146,1289902,1278931,1268641,1258866,1249516,1240558,1232251,1224671,1217235,1209837,1202535,1195502,1188605,1181371,1173626,1165700,1157745,1149444
8,men,1628483,1602168,1586574,1581006,1561821,1522497,1510508,1500151,1477996,1482093,1487240,1483167,1503222,1534082,1502696,1491071,1517935,1509313,1499872,1489464,1477503,1464134,1450283,1435991,1421537,1407033,1392431,1378136,1364584,1351161,1337607,1324623,1312425,1300919,1289674,1278708,1268420,1258650,1249307,1240356,1232047,1224472,1217042,1209650,1202345,1195315,1188422,1181190,1173450,1165525,1157573
9,men,1693291,1627945,1601649,1586069,1580522,1561349,1522052,1510105,1499787,1477652,1481740,1486883,1482812,1502855,1533711,1502337,1490725,1517595,1508976,1499543,1489144,1477187,1463829,1449984,1435701,1421252,1406757,1392156,1377876,1364326,1350912,1337366,1324387,1312194,1300695,1289453,1278490,1268204,1258439,1249098,1240160,1231847,1224274,1216855,1209467,1202164,1195134,1188246,1181012,1173278,1165355
10,men,1724962,1692654,1627348,1601082,1585510,1579984,1560830,1521568,1509670,1499358,1477238,1481330,1486473,1482403,1502444,1533304,1501944,1490341,1517216,1508599,1499177,1488790,1476844,1463491,1449657,1435381,1420939,1406454,1391861,1377590,1364045,1350640,1337098,1324120,1311933,1300441,1289207,1278250,1267965,1258213,1248871,1239937,1231636,1224062,1216643,1209257,1201960,1194935,1188048,1180818,1173086
11,men,1766148,1724235,1691960,1626693,1600452,1584901,1579397,1560269,1521042,1509163,1498869,1476761,1480860,1486012,1481949,1501998,1532856,1501509,1489925,1516802,1508195,1498781,1488402,1476468,1463120,1449302,1435039,1420600,1406120,1391533,1377278,1363737,1350341,1336809,1323840,1311652,1300169,1288939,1277987,1267704,1257961,1248625,1239693,1231398,1223824,1216410,1209030,1201735,1194716,1187831,1180605
12,men,1790713,1765404,1723528,1691282,1626056,1599836,1584312,1578839,1559736,1520535,1508662,1498385,1476290,1480392,1485555,1481505,1501559,1532423,1501087,1489514,1516389,1507795,1498390,1488019,1476094,1462758,1448947,1434698,1420266,1405799,1391212,1376973,1363431,1350044,1336520,1323558,1311377,1299896,1288673,1277729,1267450,1257714,1248379,1239447,1231161,1223594,1216185,1208802,1201515,1194499,1187616
13,men,1789370,1789955,1764677,1722835,1690617,1625443,1599239,1583742,1578299,1559213,1520033,1508174,1497910,1475830,1479936,1485112,1481074,1501122,1531991,1500677,1489107,1515989,1507403,1498006,1487647,1475727,1462402,1448600,1434355,1419934,1405478,1390896,1376668,1363133,1349747,1336236,1323274,1311104,1299625,1288410,1277474,1267201,1257473,1248140,1239211,1230925,1223362,1215958,1208579,1201298,1194283
14,men,1771394,1788620,1789217,1763973,1722160,1689971,1624842,1598668,1583201,1577771,1558699,1519540,1507693,1497435,1475380,1479492,1484679,1480652,1500702,1531570,1500273,1488711,1515595,1507018,1497625,1487284,1475370,1462048,1448259,1434019,1419610,1405167,1390587,1376362,1362837,1349458,1335954,1322998,1310832,1299359,1288155,1277222,1266952,1257229,1247898,1238976,1230689,1223138,1215734,1208355,1201081
15,men,1754602,1769396,1786655,1787294,1762126,1720396,1688288,1623280,1597170,1581750,1576353,1557323,1518219,1506405,1496181,1474175,1478312,1483523,1479532,1499580,1530454,1499198,1487659,1514541,1505987,1496615,1486299,1474410,1461111,1447343,1433123,1418730,1404319,1389757,1375549,1362042,1348680,1335194,1322255,1310103,1298642,1287453,1276537,1266278,1256567,1247248,1238334,1230055,1222514,1215117,1207752
16,men,1734481,1751365,1766208,1783515,1784225,1759173,1717584,1685618,1620789,1594768,1579416,1574065,1555098,1516094,1504329,1494169,1472240,1476417,1481666,1477728,1497779,1528653,1497469,1485966,1512845,1504326,1494991,1484716,1472854,1459596,1445861,1431679,1417319,1402943,1388412,1374233,1360758,1347420,1333961,1321047,1308923,1297488,1286315,1275421,1265184,1255489,1246195,1237295,1229028,1221511,1214121
17,men,1722324,1731283,1748217,1763101,1780458,1781242,1756303,1714861,1683033,1618354,1592412,1577131,1571830,1552915,1514013,1502300,1492202,1470348,1474562,1479850,1475953,1496017,1526886,1495768,1484300,1511179,1502699,1493389,1483154,1471329,1458105,1444408,1430255,1415925,1401582,1387081,1372933,1359488,1346178,1332742,1319851,1307755,1296344,1285191,1274312,1264098,1254421,1245149,1236268,1228010,1220508
18,men,1725238,1719153,1728172,1745156,1760088,1777479,1778333,1753523,1712234,1680518,1615971,1590104,1574889,1569639,1550782,1511978,1500322,1490278,1468494,1472746,1478069,1474209,1494285,1525153,1494101,1482666,1509539,1501099,1491823,1481618,1469829,1456636,1442976,1428857,1414558,1400245,1385773,1371654,1358234,1344951,1331547,1318676,1306600,1295211,1284082,1273226,1263030,1253364,1244110,1235252,1227004
19,men,1737191,1722070,1716070,1725144,1742172,1757156,1774587,1775528,1750836,1709672,1678050,1613637,1587842,1572694,1567488,1548698,1509981,1498383,1488397,1466683,1470966,1476326,1472502,1492582,1523450,1492465,1481064,1507933,1499521,1490277,1480110,1468358,1455193,1441564,1427474,1413205,1398923,1384483,1370391,1356994,1343736,1330357,1317516,1305460,1294090,1282980,1272147,1261973,1252324,1243083,1234245
20,men,1744496,1733167,1718163,1712267,1721401,1738494,1753549,1771171,1772227,1747624,1706567,1675033,1610749,1585007,1569944,1564802,1546090,1507480,1495957,1486035,1464411,1468731,1474135,1470357,1490448,1521309,1490399,1479043,1505906,1497532,1488324,1478197,1466486,1453362,1439771,1425723,1411493,1397244,1382841,1368784,1355423,1342197,1328844,1316034,1304005,1292661,1281578,1270763,1260617,1250987,1241770
21,men,1749243,1739610,1728422,1713546,1707770,1716987,1734166,1749436,1767275,1768404,1743872,1702908,1671457,1607296,1581630,1566666,1561594,1542974,1504494,1493054,1483204,1461686,1466058,1471511,1467788,1487886,1518742,1487924,1476618,1503469,1495139,1485977,1475901,1464232,1451157,1437608,1423608,1409426,1395216,1380861,1366839,1353520,1340332,1327018,1314244,1302243,1290933,1279880,1269091,1258981,1249372
22,men,1752112,1744360,1734861,1723814,1709067,1703408,1712721,1730119,1745608,1763479,1764609,1740142,1699271,1667896,1603889,1578326,1563465,1558464,1539928,1501574,1490217,1480442,1459017,1463437,1468934,1465270,1485374,1516222,1485492,1474236,1501076,1492791,1483669,1473644,1462015,1448985,1435482,1421527,1407389,1393216,1378906,1364927,1351642,1338493,1325215,1312476,1300504,1289223,1278203,1267439,1257356
23,men,1751859,1747238,1739621,1730258,1719337,1704728,1699196,1708730,1726351,1741877,1759718,1760845,1736435,1695645,1664382,1600567,1575104,1560340,1555405,1536956,1498719,1487432,1477733,1456407,1460870,1466409,1462802,1482911,1513754,1483106,1471895,1498722,1490481,1481400,1471418,1459834,1446846,1433387,1419477,1405378,1391246,1376978,1363034,1349790,1336675,1323432,1310727,1298788,1287536,1276545,1265810
24,men,1748406,1747000,1742510,1735017,1725783,1714994,1700532,1695264,1705029,1722681,1738179,1755981,1757102,1732743,1692073,1660956,1597329,1571955,1557286,1552418,1534046,1495929,1484709,1475082,1453851,1458354,1463937,1460387,1480494,1511326,1480761,1469599,1496409,1488210,1479168,1469230,1457691,1444746,1431328,1417459,1403401,1389306,1375079,1361175,1347967,1334889,1321674,1308999,1297090,1285873,1274910
25,men,1743529,1743523,1742239,1737872,1730509,1721408,1710777,1696659,1691669,1701461,1719057,1734509,1752254,1753345,1729075,1688555,1657578,1594135,1568857,1554273,1549472,1531172,1493178,1482029,1472470,1451330,1455876,1461494,1458004,1478115,1508937,1478453,1467334,1494127,1485974,1476967,1467074,1455573,1442672,1429293,1415466,1401454,1387392,1373203,1359336,1346162,1333119,1319944,1307295,1295415,1284231
26,men,1737581,1738621,1738737,1737566,1733323,1726102,1717155,1706878,1693126,1688204,1697945,1715466,1730843,1748511,1749607,1725461,1685094,1654253,1590988,1565808,1551306,1546563,1528332,1490451,1479377,1469892,1448841,1453427,1459090,1455654,1475769,1506575,1476178,1465103,1491874,1483763,1474800,1464946,1453485,1440630,1427285,1413499,1399531,1385502,1371356,1357522,1344389,1331375,1318237,1305619,1293765
27,men,1724114,1732703,1733859,1734087,1733032,1728921,1721857,1713265,1703346,1689680,1684728,1694412,1711858,1727164,1744806,1745967,1721932,1681714,1651006,1587911,1562822,1548404,1543717,1525559,1487790,1476777,1467366,1446409,1451030,1456732,1453347,1473465,1504259,1473939,1462909,1489665,1481589,1472667,1462849,1451426,1438615,1425309,1411560,1397632,1383640,1369534,1355734,1342635,1329654,1316547,1303965
28,men,1700323,1719292,1727971,1729241,1729570,1728639,1724679,1717965,1709734,1699899,1686221,1681239,1690866,1708225,1723512,1741184,1742411,1718490,1678411,1647835,1584905,1559899,1545563,1540929,1522837,1485184,1474231,1464887,1444018,1448679,1454415,1451079,1471197,1501978,1471737,1460749,1487489,1479449,1470565,1460784,1449396,1436625,1423364,1409645,1395760,1381807,1367733,1353971,1340903,1327953,1314875
29,men,1669059,1695572,1714608,1723377,1724750,1725196,1724407,1720794,1714439,1706290,1696443,1682752,1677732,1687293,1704626,1719951,1737651,1738938,1715126,1675182,1644727,1581961,1557039,1542782,1538201,1520173,1482629,1471733,1462452,1441667,1446368,1452140,1448854,1468972,1499732,1469569,1458621,1485343,1477340,1468495,1458750,1447398,1434662,1421441,1407757,1393905,1379992,1365953,1352223,1339189,1326276
30,men,1637166,1664211,1690779,1709881,1718743,1720232,1720815,1720328,1717070,1710811,1702660,1692817,1679126,1674083,1683638,1701006,1716362,1734089,1735439,1711734,1671931,1641598,1578990,1554150,1539973,1535445,1517479,1480046,1469209,1459994,1439288,1444022,1449835,1446591,1466718,1497455,1467367,1456464,1483170,1475201,1466387,1456681,1445365,1432668,1419482,1405837,1392019,1378140,1364137,1350446,1337437
31,men,1604658,1632231,1659326,1685942,1705113,1714081,1715709,1716584,1716407,1713242,1707001,1698864,1689029,1675350,1670344,1679954,1697359,1712749,1730504,1731912,1708314,1668651,1638448,1576004,1551240,1537139,1532670,1514767,1477437,1466656,1457513,1436891,1441655,1447507,1444306,1464432,1495150,1465142,1454272,1480959,1473031,1464249,1454582,1443301,1430649,1417493,1403889,1390098,1376262,1362291,1348637
32,men,1568187,1599819,1627436,1654581,1681244,1700495,1709575,1711496,1712674,1712585,1709434,1703203,1695078,1685250,1671627,1666703,1676355,1693794,1709218,1727000,1728466,1704971,1665443,1635360,1573076,1548396,1534362,1529941,1512107,1474878,1464150,1455067,1434533,1439326,1445215,1442058,1462179,1492879,1462953,1452122,1478781,1470888,1462146,1452511,1441259,1428650,1415527,1401965,1388204,1374404,1360469
33,men,1527225,1563468,1595120,1622788,1649974,1676695,1696038,1705388,1707608,1708864,1708781,1705637,1699421,1691299,1681517,1667990,1663147,1672840,1690309,1705766,1723568,1725096,1701700,1662300,1632337,1570200,1545600,1531634,1527263,1509492,1472359,1461693,1452666,1432214,1437036,1442957,1439839,1459960,1490637,1460785,1449995,1476633,1468772,1460063,1450467,1439249,1426669,1413584,1400060,1386332,1372566
34,men,1484051,1522634,1558890,1590561,1618274,1645505,1672302,1691890,1701521,1703818,1705068,1704993,1701845,1695633,1687567,1677874,1664441,1659669,1669402,1686900,1702386,1720203,1721784,1698488,1659212,1629365,1567377,1542852,1528957,1524629,1506919,1469879,1459271,1450298,1429922,1434775,1440727,1437654,1457773,1488425,1458649,1447892,1474508,1466681,1458003,1448435,1437258,1424707,1411655,1398173,1384474
35,men,1440360,1479208,1517790,1554056,1585746,1613511,1640802,1667767,1687604,1697316,1699632,1700899,1700844,1697722,1691556,1683591,1673997,1660652,1655959,1665733,1683253,1698768,1716612,1718245,1695047,1655906,1626178,1564347,1539895,1526072,1521790,1504149,1467206,1456658,1447742,1427446,1432330,1438310,1435282,1455399,1486022,1456322,1445602,1472194,1464399,1455760,1446225,1435084,1422567,1409548,1396107
36,men,1394472,1435273,1474118,1512692,1548969,1580689,1608510,1635964,1663104,1682988,1692721,1695071,1696370,1696356,1693305,1687247,1679380,1669885,1656641,1652026,1661841,1679384,1694927,1712793,1714480,1691382,1652382,1622775,1561107,1536741,1522996,1518759,1501188,1464344,1453853,1445002,1424788,1429704,1435711,1432721,1452840,1483432,1453812,1443130,1469697,1461940,1453332,1443828,1432724,1420255,1407268
37,men,1358332,1389557,1430338,1469178,1507745,1544030,1575793,1603777,1631393,1658559,1678439,1688185,1690568,1691898,1691952,1688993,1683035,1675269,1665865,1652715,1648170,1658027,1675592,1691160,1709037,1710776,1687783,1648917,1619437,1557928,1533643,1519965,1515776,1498267,1461531,1451095,1442303,1422166,1427109,1433149,1430194,1450308,1480872,1451332,1440691,1467223,1459506,1450931,1441464,1430387,1417959
38,men,1337634,1353551,1384787,1425553,1464374,1502949,1539258,1571158,1599294,1626939,1654075,1673947,1683707,1686112,1687500,1687648,1684778,1678914,1671238,1661929,1648869,1644395,1654291,1671875,1687462,1705357,1707142,1684250,1645509,1616148,1554796,1530598,1516980,1512840,1495388,1458755,1448372,1439633,1419581,1424543,1430618,1427700,1447803,1478342,1448873,1438276,1464774,1457094,1448552,1439119,1428077
39,men,1326729,1332934,1348913,1380156,1420911,1459721,1498303,1534733,1566788,1594939,1622554,1649653,1669507,1679281,1681742,1683209,1683444,1680658,1674886,1667299,1658076,1645100,1640696,1650623,1668230,1683832,1701739,1703569,1680771,1642160,1612911,1551710,1527591,1514035,1509940,1492547,1456015,1445688,1436998,1417022,1422011,1428115,1425234,1445327,1475836,1446440,1435885,1462355,1454700,1446199,1436796
40,men,1314186,1321376,1327695,1343743,1374995,1415726,1454535,1493198,1529744,1561803,1589932,1617523,1644596,1664442,1674256,1676807,1678365,1678696,1676001,1670329,1662833,1653705,1640820,1636494,1646452,1664075,1679700,1697616,1699498,1676801,1638328,1609205,1548177,1524145,1510660,1506612,1489284,1452865,1442596,1433969,1414071,1419087,1425214,1422374,1442458,1472930,1443617,1433099,1459538,1451912,1443453
41,men,1302203,1308181,1315497,1321934,1338048,1369311,1410027,1448899,1487637,1524167,1556186,1584291,1611866,1638920,1658794,1668683,1671327,1672980,1673405,1670811,1665246,1657848,1648822,1636038,1631784,1641784,1659418,1675063,1692982,1694920,1672338,1634018,1605031,1544199,1520257,1506852,1502854,1485596,1449303,1439095,1430532,1410725,1415767,1421916,1419122,1439188,1469617,1440399,1429924,1456321,1448732
42,men,1286733,1296261,1302357,1309790,1316338,1332530,1363802,1404569,1443516,1482220,1518690,1550672,1578752,1606301,1633359,1653276,1663237,1665969,1667716,1668231,1665727,1660262,1652960,1644024,1631346,1627166,1637201,1654844,1670506,1688426,1690414,1667941,1629770,1600916,1540276,1516421,1503093,1499143,1481952,1445780,1435634,1427131,1407417,1412480,1418653,1415904,1435947,1466334,1437212,1426775,1453131
43,men,1264589,1280866,1290503,1296708,1304256,1310907,1327179,1358538,1399361,1438270,1476901,1513311,1545256,1573304,1600846,1627929,1647882,1657909,1660727,1662556,1663159,1660742,1655368,1648163,1639316,1626733,1622624,1632688,1650344,1666020,1683941,1685975,1663607,1625579,1596861,1536405,1512638,1499380,1495480,1478361,1442302,1432214,1423768,1404140,1409227,1415421,1412718,1432740,1463083,1434057,1423654
44,men,1237767,1258835,1275175,1284914,1291226,1298885,1305646,1322067,1353511,1394290,1433127,1471680,1508026,1539931,1567966,1595519,1622619,1642611,1652696,1655595,1657506,1658188,1655860,1650570,1643456,1634694,1622204,1618159,1628255,1645921,1661605,1679524,1681604,1659337,1621449,1592860,1532579,1508904,1495719,1491861,1474809,1438868,1428833,1420449,1400902,1406012,1412224,1409563,1429560,1459862,1430926
45,men,1211719,1231035,1252150,1268566,1278410,1284847,1292622,1299554,1316124,1347547,1388231,1426991,1465458,1501729,1533604,1561646,1589200,1616309,1636336,1646483,1649463,1651462,1652232,1649996,1644806,1637793,1629128,1616741,1612770,1622885,1640560,1656250,1674159,1676288,1654140,1616417,1587979,1527915,1504336,1491232,1487425,1470447,1434647,1424673,1416357,1396907,1402037,1408277,1405658,1425624,1455869
46,men,1185657,1204037,1223418,1244580,1261067,1271023,1277593,1285546,1292658,1309278,1340638,1381213,1419882,1458260,1494465,1526316,1554357,1581904,1609012,1629063,1639278,1642352,1644440,1645305,1643169,1638087,1631184,1622628,1610352,1606466,1616602,1634272,1649962,1667860,1670035,1648024,1610486,1582217,1522407,1498941,1485931,1482181,1465287,1429646,1419743,1411503,1392167,1397312,1403576,1401002,1420939
47,men,1156847,1178154,1196592,1216022,1237232,1253789,1263860,1270610,1278731,1285936,1302577,1333878,1374347,1412918,1451217,1487376,1519193,1547224,1574765,1601873,1621938,1632211,1635374,1637550,1638503,1636462,1631483,1624685,1616233,1604068,1600256,1610414,1628079,1643765,1661645,1663869,1641989,1604635,1576527,1516962,1493609,1480689,1476993,1460182,1424704,1414867,1406693,1387469,1392633,1398921,1396390
48,men,1124568,1149532,1170880,1189377,1208849,1230098,1246722,1256950,1263876,1272096,1279365,1296020,1327254,1367612,1406097,1444332,1480441,1512222,1540241,1567773,1594872,1614955,1625279,1628524,1630786,1631816,1629866,1624987,1618290,1609939,1597875,1594139,1604310,1621966,1637654,1655512,1657782,1636034,1598857,1570906,1511581,1488342,1475507,1471861,1455133,1419807,1410037,1401938,1382821,1388001,1394309
49,men,1089725,1117461,1142441,1163822,1182373,1201890,1223181,1239919,1250298,1257318,1265608,1272932,1289590,1320758,1361024,1399438,1437607,1473657,1505406,1533402,1560917,1588007,1608107,1618480,1621796,1624134,1625250,1623382,1618592,1611991,1603741,1591774,1588113,1598300,1615940,1631621,1649463,1651768,1630150,1593145,1565354,1506266,1483132,1470383,1466785,1450136,1414960,1405250,1397221,1378206,1383410
50,men,1054155,1081351,1109076,1134065,1155486,1174086,1193648,1214999,1231859,1242330,1249438,1257807,1265210,1281881,1312977,1353139,1391460,1429540,1465506,1497209,1525178,1552659,1579728,1599839,1610264,1613665,1616077,1617291,1615520,1610837,1604345,1596206,1584353,1580769,1590976,1608593,1624258,1642079,1644421,1622957,1586158,1558552,1499754,1476747,1464096,1460551,1444001,1409006,1399375,1391425,1372529
51,men,1017780,1044571,1071754,1099462,1124450,1145904,1164563,1184198,1205606,1222519,1233075,1240283,1248741,1256234,1272938,1303967,1343994,1382199,1420167,1456034,1487665,1515599,1543037,1570071,1590184,1600660,1604155,1606659,1607970,1606303,1601740,1595372,1587359,1575637,1572142,1582364,1599952,1615591,1633387,1635768,1614476,1577916,1550522,1492064,1469208,1456667,1453186,1436751,1401961,1392421,1384554
52,men,980577,1008524,1035297,1062463,1090145,1115136,1136615,1155353,1175051,1196471,1213411,1224048,1231355,1239893,1247475,1264209,1295172,1335066,1373147,1410997,1446764,1478317,1506206,1533601,1560598,1580714,1591230,1594809,1597401,1598802,1597237,1592787,1586537,1578645,1567050,1563633,1573866,1591430,1607043,1624798,1627224,1606103,1569783,1542592,1484465,1461758,1449320,1445898,1429573,1394992,1385540
53,men,942803,971669,999581,1026327,1053473,1081123,1106112,1127638,1146446,1166167,1187572,1204535,1215241,1222638,1231255,1238930,1255685,1286569,1326328,1364288,1402018,1437688,1469163,1497003,1524349,1551296,1571410,1581966,1585620,1588292,1589782,1588316,1583974,1577836,1570053,1558590,1555246,1565487,1583020,1598605,1616319,1618784,1597827,1561743,1534751,1476951,1454389,1442058,1438693,1422476,1388090
54,men,904687,934234,963056,990929,1017641,1044760,1072378,1097385,1118955,1137781,1157512,1178898,1195882,1206648,1214133,1222832,1230589,1247365,1278162,1317787,1355619,1393224,1428791,1460184,1487972,1515271,1542164,1562270,1572861,1576590,1579333,1580908,1579530,1575292,1569265,1561584,1550247,1546977,1557222,1574721,1590278,1607949,1610448,1589653,1553800,1526999,1469521,1447101,1434872,1431559,1415449
55,men,866129,894798,924260,953004,980816,1007473,1034538,1062121,1087116,1108681,1127502,1147222,1168574,1185568,1196396,1203972,1212749,1220590,1237372,1268052,1307499,1345162,1382601,1418028,1449308,1477009,1504234,1531048,1551130,1561751,1565557,1568377,1570042,1568758,1564634,1558729,1551165,1539970,1536781,1547027,1564472,1579983,1597590,1600129,1579518,1543945,1517377,1460288,1438041,1425932,1422681
56,men,827097,855028,883578,912922,941563,969284,995867,1022869,1050389,1075319,1096849,1115651,1135343,1156651,1173640,1184539,1192211,1201063,1208982,1225751,1256280,1295505,1332956,1370192,1405438,1436570,1464162,1491279,1517992,1538025,1548672,1552550,1555456,1557210,1556032,1552036,1546261,1538833,1527801,1524695,1534928,1552304,1567761,1585280,1587857,1567462,1532208,1505912,1449290,1427237,1415268
57,men,789260,816491,844308,872744,901963,930496,958122,984646,1011579,1039002,1063849,1085335,1104114,1123766,1145029,1162013,1172973,1180721,1189651,1197636,1214393,1244769,1283764,1321006,1358031,1393096,1424076,1451559,1478564,1505179,1525149,1535819,1539764,1542749,1544587,1543505,1539632,1533981,1526681,1515804,1512785,1523002,1540299,1555699,1573134,1575745,1555558,1520620,1494587,1438427,1416562
58,men,753402,779136,806253,833951,862271,891364,919778,947327,973788,1000621,1027933,1052696,1074125,1092880,1112492,1133701,1150674,1161694,1169504,1178494,1186544,1203274,1233504,1272262,1309300,1346114,1380991,1411820,1439186,1466074,1492590,1512497,1523184,1527190,1530242,1532159,1531167,1527414,1521890,1514709,1503981,1501044,1511243,1528460,1543798,1561146,1563790,1543806,1509174,1483400,1427694
59,men,718933,743734,769367,796366,823942,852145,881112,909423,936889,963248,989968,1017165,1041838,1063206,1081931,1101506,1122661,1139609,1150681,1158552,1167592,1175702,1192399,1222476,1261003,1297822,1334429,1369117,1399794,1427036,1453806,1480214,1500059,1510754,1514821,1517934,1519924,1519022,1515377,1509964,1502908,1492324,1489463,1499640,1516775,1532055,1549315,1551986,1532201,1497870,1472351
60,men,684784,707938,732605,758086,784923,812330,840362,869161,897323,924629,950842,977405,1004443,1028984,1050259,1068931,1088435,1109497,1126393,1137493,1145423,1154496,1162649,1179294,1209161,1247391,1283929,1320263,1354697,1385171,1412243,1438855,1465106,1484861,1495542,1499667,1502837,1504899,1504089,1500568,1495282,1488361,1477941,1475161,1485303,1502328,1517514,1534659,1537354,1517811,1483842
61,men,651585,672582,695570,720059,745357,771978,799176,826986,855562,883507,910596,936628,962988,989827,1014201,1035350,1053936,1073329,1094265,1111092,1122192,1130168,1139268,1147449,1164010,1193616,1231481,1267674,1303673,1337796,1368012,1394866,1421271,1447326,1466954,1477609,1481784,1485012,1487144,1486434,1483034,1477892,1471116,1460883,1458195,1468278,1485168,1500236,1517237,1519950,1500683
62,men,617610,639959,660831,683657,707953,733069,759472,786458,814051,842388,870114,896984,922825,948980,975612,999820,1020832,1039331,1058609,1079414,1096163,1107259,1115263,1124387,1132588,1149059,1178406,1215908,1251757,1287420,1321229,1351188,1377828,1404021,1429877,1449370,1459996,1464217,1467500,1469693,1469076,1465794,1460786,1454154,1444097,1441498,1451521,1468273,1483224,1500080,1502810
63,men,582021,606587,628763,649497,672163,696268,721191,747387,774162,801531,829622,857122,883774,909412,935371,961794,985831,1006705,1025103,1044259,1064924,1081590,1092680,1100705,1109841,1118062,1134434,1163517,1200655,1236161,1271497,1304990,1334687,1361112,1387090,1412746,1432109,1442698,1446955,1450290,1452538,1452012,1448834,1443960,1437467,1427574,1425062,1435022,1451633,1466465,1483175
64,men,545961,571626,595968,617978,638567,661068,684985,709715,735696,762248,789389,817240,844506,870946,896378,922132,948349,972199,992932,1011229,1030267,1050785,1067361,1078438,1086481,1095618,1103848,1120116,1148943,1185720,1220886,1255880,1289067,1318505,1344712,1370474,1395926,1415156,1425707,1429990,1433370,1435666,1435224,1432153,1427404,1421047,1411315,1408883,1418773,1435246,1449963
65,men,510943,534009,559354,583416,605206,625613,647900,671586,696072,721775,748047,774896,802452,829426,855594,880772,906263,932224,955848,976396,994551,1013436,1033765,1050220,1061265,1069316,1078449,1086683,1102816,1131321,1167647,1202394,1236971,1269771,1298884,1324818,1350311,1375502,1394561,1405054,1409373,1412795,1415146,1414792,1411844,1407243,1401035,1391498,1389163,1398966,1415262
66,men,476122,497605,520341,545309,569041,590571,610748,632781,656180,680363,705739,731671,758170,785370,811994,837837,862710,887881,913523,936874,957207,975176,993878,1013979,1030289,1041283,1049334,1058445,1066674,1082646,1110760,1146552,1180800,1214882,1247223,1275949,1301550,1326720,1351595,1370445,1380864,1385205,1388673,1391082,1390830,1388017,1383579,1377548,1368236,1366003,1375706
67,men,445469,463693,484869,507269,531868,555266,576536,596485,618261,641369,665238,690289,715876,742028,768873,795153,820666,845231,870086,895407,918473,938593,956376,974888,994750,1010905,1021846,1029890,1038965,1047179,1062992,1090721,1125979,1159736,1193328,1225211,1253552,1278822,1303673,1328234,1346864,1357209,1361569,1365070,1367531,1367364,1364692,1360401,1354539,1345446,1343311
68,men,420954,433840,451815,472691,494757,518988,542061,563070,582790,604297,627118,650675,675396,700644,726449,752935,778869,804052,828309,852849,877849,900627,920521,938115,956430,976060,992053,1002929,1010962,1019994,1028185,1043830,1071170,1105906,1139177,1172289,1203717,1231674,1256609,1281140,1305393,1323808,1334065,1338438,1341969,1344482,1344394,1341846,1337700,1332000,1323114
69,men,400510,409961,422729,440455,461035,482772,506638,529392,550137,569622,590858,613387,636641,661024,685934,711393,737524,763114,787966,811914,836136,860815,883307,902974,920371,938481,957878,973706,984507,992523,1001507,1009669,1025146,1052096,1086318,1119106,1151742,1182716,1210293,1234897,1259106,1283051,1301247,1311421,1315797,1319352,1321905,1321900,1319464,1315459,1309910
70,men,380401,387498,396876,409469,426873,447066,468383,491775,514110,534499,553665,574544,596682,619530,643480,667947,692951,718606,743743,768157,791694,815493,839741,861856,881215,898348,916170,935248,950849,961535,969502,978404,986502,1001745,1028196,1061754,1093915,1125927,1156322,1183395,1207570,1231349,1254890,1272788,1282844,1287213,1290781,1293366,1293447,1291143,1287298
71,men,361702,365526,372596,381866,394229,411237,430951,451761,474578,496395,516343,535113,555543,577200,599543,622959,646879,671322,696396,720971,744845,767871,791151,814864,836503,855469,872271,889735,908409,923716,934246,942133,950923,958927,973875,999711,1032463,1063858,1095108,1124795,1151250,1174897,1198151,1221181,1238716,1248612,1252963,1256533,1259146,1259317,1257160
72,men,341081,347558,351473,358504,367651,379787,396405,415643,435962,458216,479522,499030,517410,537398,558576,580422,603312,626689,650581,675089,699109,722451,744967,767734,790924,812097,830669,847137,864243,882523,897528,907900,915695,924362,932269,946924,972157,1004120,1034767,1065276,1094265,1120113,1143234,1165980,1188505,1205682,1215412,1219738,1223304,1225937,1226192
73,men,316605,327749,334201,338179,345167,354177,366088,382324,401096,420928,442634,463438,482512,500504,520056,540766,562118,584498,607337,630686,654633,678111,700931,722943,745205,767873,788586,806761,822903,839652,857541,872248,882455,890158,898697,906502,920858,945500,976692,1006605,1036387,1064692,1089950,1112550,1134798,1156828,1173645,1183209,1187503,1191056,1193705
74,men,290029,304232,315157,321575,325598,332528,341397,353078,368941,387259,406614,427785,448096,466748,484351,503472,523729,544587,566458,588777,611587,634985,657927,680231,701748,723517,745671,765930,783716,799526,815925,833426,847832,857873,865473,873884,881582,895639,919702,950140,979336,1008411,1036040,1060726,1082810,1104560,1126110,1142572,1151970,1156231,1159766
75,men,264908,275905,289655,300294,306643,310704,317538,326222,337598,352987,370743,389500,410008,429692,447812,464925,483491,503165,523421,544644,566312,588446,611151,633417,655072,675961,697105,718614,738293,755593,770973,786924,803934,817955,827776,835234,843477,851023,864703,888041,917538,945835,974026,1000815,1024776,1046220,1067344,1088281,1104294,1113468,1117675
76,men,240351,249316,259925,273137,283427,289675,293750,300455,308904,319912,334732,351814,369857,389580,408525,426001,442527,460440,479410,498939,519395,540280,561612,583492,604953,625825,645970,666360,687105,706086,722797,737663,753077,769499,783056,792600,799876,807903,815257,828485,850963,879342,906577,933711,959509,982610,1003285,1023661,1043863,1059341,1068246
77,men,218060,226208,234877,245108,257798,267745,273875,277948,284512,292726,303366,317640,334071,351422,370388,388627,405474,421424,438705,456994,475820,495529,515655,536208,557288,577976,598087,617513,637170,657174,675482,691616,705977,720859,736710,749822,759081,766179,773990,781149,793936,815582,842883,869093,895207,920046,942313,962250,981903,1001391,1016342
78,men,199182,205231,213111,221487,231351,243536,253148,259149,263201,269612,277588,287871,301611,317419,334107,352335,369892,386134,401521,418194,435820,453967,472951,492345,512142,532451,552386,571765,590493,609437,628720,646377,661952,675823,690189,705477,718159,727137,734048,741642,748607,760962,781804,808068,833294,858427,882338,903795,923014,941967,960769
79,men,182705,187461,193354,200972,209054,218556,230263,239540,245407,249421,255676,263410,273348,286569,301776,317828,335348,352245,367904,382745,398819,415806,433296,451582,470265,489334,508892,528101,546771,564822,583080,601657,618685,633716,647110,660976,675719,687975,696678,703405,710779,717548,729478,749550,774817,799091,823281,846295,866968,885497,903771
80,men,166327,169576,174186,179866,187152,194871,203920,215042,223904,229579,233524,239559,246981,256483,269074,283545,298823,315481,331566,346500,360677,376015,392214,408894,426333,444136,462312,480950,499264,517060,534271,551688,569399,585640,599993,612789,626033,640104,651820,660176,666654,673747,680263,691669,710786,734834,757945,780981,802904,822607,840284
81,men,150333,152038,155228,159654,165066,171951,179240,187761,198194,206565,211994,215832,221599,228650,237634,249491,263101,277482,293148,308293,322377,335763,350243,365525,381255,397700,414482,431615,449185,466455,483230,499456,515877,532583,547902,561458,573553,586059,599345,610425,618360,624536,631284,637494,648274,666286,688919,710678,732366,753024,771597
82,men,135007,137418,139171,142276,146525,151666,158168,165043,173064,182857,190756,195947,199663,205161,211849,220343,231506,244308,257838,272572,286830,300117,312756,326417,340831,355665,371174,386992,403136,419688,435968,451786,467081,482562,498311,512763,525557,536989,548797,561331,571807,579338,585224,591634,597548,607739,624706,646006,666488,686905,706368
83,men,120199,123398,125781,127558,130566,134638,139516,145650,152138,159681,168870,176321,181272,184864,190100,196436,204465,214974,227017,239743,253596,267022,279548,291484,304371,317961,331947,346567,361473,376694,392294,407631,422545,436957,451555,466399,480028,492103,502899,514044,525871,535771,542910,548515,554605,560227,569857,585837,605888,625168,644391
84,men,105762,109850,112938,115277,117060,119968,123851,128484,134264,140377,147475,156099,163126,167838,171299,176285,182283,189865,199757,211085,223061,236082,248723,260532,271801,283958,296768,309955,323738,337777,352122,366822,381273,395332,408914,422671,436664,449514,460909,471103,481618,492773,502131,508891,514223,520005,525345,534444,549487,568361,586508
85,men,91548,94681,98501,101433,103695,105454,108229,111874,116204,121570,127235,133804,141767,148290,152711,155992,160667,166259,173304,182473,192958,204044,216100,227804,238766,249239,260526,272415,284656,297445,310465,323773,337407,350806,363848,376455,389215,402197,414128,424708,434186,443957,454314,463017,469329,474322,479732,484723,493190,507136,524617
86,men,77412,80047,82955,86474,89214,91365,93074,95678,99051,103025,107919,113080,119050,126273,132223,136302,139369,143681,148813,155249,163599,173139,183217,194188,204842,214846,224419,234727,245573,256745,268408,280283,292419,304852,317068,328954,340459,352094,363935,374828,384488,393149,402078,411537,419491,425290,429891,434872,439468,447211,459924
87,men,63209,67673,70124,72812,76042,78591,80627,82271,84703,87822,91464,95925,100627,106051,112598,118023,121783,124640,128613,133319,139190,146796,155477,164645,174622,184326,193456,202194,211608,221508,231694,242331,253160,264226,275562,286702,297535,308030,318643,329438,339378,348199,356114,364269,372904,380173,385497,389733,394312,398540,405621
88,men,48783,55256,59271,61540,64020,66985,69350,71264,72833,75091,77968,81304,85367,89651,94583,100520,105463,108919,111574,115225,119544,124897,131823,139722,148065,157137,165971,174304,182284,190874,199914,209203,218897,228770,238860,249196,259353,269233,278796,288477,298318,307391,315442,322674,330121,338001,344645,349528,353425,357624,361517
89,men,33992,42649,48396,52009,54105,56392,59101,61290,63080,64570,66666,69309,72367,76061,79959,84442,89832,94337,97508,99969,103325,107285,112168,118468,125657,133247,141497,149537,157143,164430,172269,180511,188992,197828,206825,216030,225451,234708,243717,252435,261264,270231,278508,285856,292462,299261,306448,312521,316993,320583,324428
90,men,155814,155891,163643,175211,188114,200858,213666,226913,240102,252916,265178,277513,290381,304062,318955,335033,352599,372193,392729,412903,432174,451480,471355,492517,515998,542216,571089,602780,636664,672043,708423,746158,785393,826114,868408,912170,957358,1003936,1051543,1099797,1148335,1197201,1246463,1295445,1343371,1389754,1435003,1479630,1522751,1563205,1600637
0,women,1419701,1422839,1427156,1422737,1441479,1470579,1440182,1428739,1454179,1445697,1436456,1426278,1414600,1401615,1388158,1374314,1360316,1346290,1332175,1318392,1305301,1292348,1279278,1266775,1255017,1243920,1233118,1222551,1212636,1203232,1194241,1185619,1177640,1170337,1163191,1156075,1149049,1142287,1135653,1128697,1121276,1113655,1106043,1098081,1089550,1080489,1071261,1062175,1052842,1043222,1033504
1,women,1438669,1416807,1420105,1424577,1420286,1439113,1468321,1438077,1426752,1452251,1443841,1434673,1424564,1412943,1400020,1386627,1372841,1358902,1344924,1330856,1317122,1304069,1291158,1278127,1265651,1253927,1242859,1232086,1221547,1211649,1202275,1193299,1184694,1176741,1169449,1162321,1155225,1148211,1141462,1134838,1127898,1120492,1112879,1105279,1097332,1088813,1079763,1070550,1061469,1052148,1042537
2,women,1448066,1437516,1415711,1419043,1423545,1419288,1438133,1467381,1437205,1425912,1451406,1443013,1433860,1423766,1412159,1399262,1385894,1372131,1358222,1344256,1330212,1316498,1303463,1290574,1277555,1265094,1253386,1242328,1231570,1221043,1211155,1201793,1192832,1184232,1176291,1169008,1161886,1154802,1147796,1141057,1134436,1127503,1120102,1112501,1104905,1096961,1088452,1079402,1070201,1061127,1051806
3,women,1459639,1447393,1436870,1415090,1418442,1422961,1418728,1437605,1466883,1436731,1425443,1450935,1442539,1433394,1423307,1411711,1398828,1385476,1371720,1357832,1343872,1329845,1316138,1303110,1290234,1277224,1264772,1253075,1242025,1231273,1220751,1210877,1201514,1192560,1183967,1176030,1168755,1161637,1154556,1147550,1140815,1134201,1127276,1119877,1112280,1104687,1096746,1088240,1079196,1069997,1060931
4,women,1497689,1459117,1446892,1436386,1414628,1417992,1422525,1418332,1437237,1466518,1436376,1425083,1450574,1442173,1433033,1422956,1411371,1398494,1385153,1371408,1357530,1343577,1329561,1315861,1302840,1289973,1276967,1264524,1252834,1241785,1231043,1220523,1210655,1201296,1192347,1183761,1175824,1168556,1161444,1154364,1147360,1140629,1134019,1127093,1119698,1112104,1104513,1096578,1088071,1079028,1069835
5,women,1516610,1497252,1458703,1446494,1436003,1414265,1417642,1422207,1418051,1436953,1466228,1436087,1424796,1450277,1441880,1432746,1422679,1411104,1398237,1384900,1371160,1357289,1343344,1329337,1315645,1302626,1289766,1276766,1264325,1252644,1241594,1230860,1220345,1210483,1201126,1192180,1183595,1175659,1168396,1161288,1154213,1147209,1140485,1133875,1126955,1119563,1111966,1104379,1096450,1087939,1078899
6,women,1522719,1516225,1496883,1458354,1446162,1435678,1413961,1417373,1421970,1417819,1436711,1465983,1435838,1424547,1450024,1441636,1432511,1422447,1410881,1398019,1384690,1370957,1357090,1343152,1329147,1315460,1302448,1289593,1276602,1264162,1252489,1241439,1230711,1220197,1210338,1200985,1192046,1183460,1175526,1168269,1161159,1154085,1147079,1140365,1133757,1126838,1119449,1111853,1104268,1096346,1087830
7,women,1538431,1522335,1515853,1496529,1458014,1445833,1435370,1413688,1417129,1421739,1417584,1436471,1465736,1435589,1424303,1449782,1441395,1432278,1422222,1410666,1397810,1384486,1370763,1356899,1342971,1328971,1315287,1302276,1289422,1276435,1264005,1252338,1241289,1230566,1220056,1210198,1200846,1191910,1183326,1175391,1168139,1161034,1153964,1146957,1140249,1133641,1126724,1119333,1111742,1104157,1096241
8,women,1564515,1538041,1521959,1515484,1496182,1457688,1445521,1435090,1413450,1416891,1421500,1417344,1436221,1465480,1435339,1424065,1449545,1441164,1432053,1422002,1410456,1397602,1384285,1370571,1356709,1342783,1328788,1315113,1302111,1289260,1276275,1263848,1252184,1241142,1230418,1219916,1210059,1200710,1191777,1183197,1175264,1168007,1160910,1153848,1146837,1140134,1133528,1126616,1119219,1111633,1104050
9,women,1628283,1564119,1537664,1521605,1515135,1495847,1457375,1445241,1434848,1413221,1416654,1421257,1417106,1435968,1465224,1435094,1423830,1449310,1440933,1431832,1421784,1410247,1397395,1384086,1370378,1356523,1342606,1328614,1314937,1301944,1289098,1276118,1263697,1252032,1240992,1230272,1219770,1209922,1200577,1191642,1183064,1175136,1167881,1160787,1153728,1146719,1140016,1133414,1126507,1119108,1111518
10,women,1661480,1627850,1563712,1537272,1521227,1514776,1495502,1457063,1444960,1434580,1412962,1416393,1420992,1416845,1435703,1464962,1434841,1423584,1449066,1440694,1431606,1421558,1410026,1397179,1383882,1370179,1356326,1342417,1328429,1314755,1301766,1288930,1275949,1263532,1251875,1240835,1230125,1219623,1209774,1200433,1191501,1182924,1174999,1167749,1160652,1153600,1146593,1139888,1133287,1126386,1118991
11,women,1703238,1661002,1627400,1563296,1536871,1520838,1514403,1495160,1456747,1444660,1434282,1412677,1416110,1420709,1416569,1435421,1464686,1434580,1423329,1448811,1440435,1431369,1421323,1409796,1396956,1383666,1369964,1356121,1342220,1328237,1314569,1301582,1288753,1275778,1263362,1251705,1240671,1229966,1219468,1209623,1200283,1191357,1182778,1174857,1167613,1160513,1153467,1146459,1139757,1133154,1126260
12,women,1730471,1702759,1660543,1626961,1562893,1536486,1520465,1514057,1494843,1456445,1444364,1433989,1412393,1415824,1420426,1416305,1435151,1464420,1434321,1423078,1448570,1440192,1431136,1421093,1409579,1396744,1383459,1369759,1355923,1342027,1328048,1314384,1301404,1288578,1275609,1263198,1251541,1240514,1229816,1219318,1209478,1200138,1191216,1182637,1174719,1167477,1160377,1153335,1146330,1139628,1133033
13,women,1734884,1729977,1702289,1660098,1626537,1562495,1536110,1520118,1513734,1494531,1456147,1444068,1433697,1412116,1415548,1420147,1416042,1434886,1464165,1434079,1422836,1448336,1439958,1430908,1420868,1409363,1396531,1383253,1369559,1355726,1341840,1327866,1314207,1301231,1288410,1275441,1263037,1251381,1240356,1229664,1219166,1209332,1199997,1191079,1182500,1174586,1167343,1160244,1153206,1146205,1139499
14,women,1724644,1734387,1729500,1701833,1659661,1626130,1562114,1535753,1519792,1513420,1494222,1455847,1443773,1433406,1411837,1415280,1419879,1415783,1434630,1463900,1433835,1422593,1448099,1439722,1430681,1420645,1409148,1396322,1383046,1369364,1355530,1341654,1327684,1314024,1301049,1288238,1275271,1262874,1251224,1240202,1229516,1219016,1209182,1199847,1190935,1182356,1174449,1167209,1160106,1153072,1146078
15,women,1715661,1723964,1733716,1728852,1701214,1659071,1625567,1561614,1535293,1519342,1512974,1493787,1455424,1443352,1432997,1411442,1414894,1419507,1415412,1434265,1463532,1433488,1422253,1447761,1439389,1430356,1420326,1408836,1396021,1382745,1369076,1355250,1341380,1327420,1313765,1300792,1287983,1275024,1262636,1250985,1239969,1229288,1218795,1208965,1199634,1190727,1182144,1174241,1167008,1159905,1152874
16,women,1704083,1714772,1723097,1732875,1728031,1700423,1658334,1624883,1561000,1534702,1518764,1512400,1493220,1454874,1442807,1432474,1410939,1414398,1419023,1414946,1433800,1463064,1433036,1421809,1447322,1438964,1429935,1419917,1408437,1395631,1382359,1368698,1354883,1341021,1327069,1313423,1300458,1287656,1274701,1262319,1250676,1239665,1228992,1218506,1208679,1199350,1190450,1181870,1173966,1166740,1159641
17,women,1698915,1703207,1713915,1722257,1732056,1727240,1699661,1657631,1624240,1560401,1534119,1518185,1511823,1492655,1454334,1442279,1431961,1410445,1413919,1418550,1414485,1433345,1462609,1432597,1421382,1446892,1438539,1429521,1419511,1408044,1395248,1381984,1368327,1354519,1340666,1326724,1313086,1300128,1287332,1274384,1262005,1250370,1239362,1228697,1218209,1208391,1199069,1190174,1181601,1173697,1166476
18,women,1706025,1698044,1702355,1713083,1721444,1731258,1726469,1698945,1656977,1623616,1559805,1533536,1517613,1511255,1492098,1453799,1441764,1431464,1409962,1413446,1418091,1414033,1432893,1462159,1432162,1420957,1446470,1438124,1429119,1419108,1407648,1394865,1381611,1367963,1354160,1340314,1326384,1312749,1299799,1287008,1274069,1261699,1250066,1239064,1228412,1217921,1208104,1198790,1189896,1181329,1173426
19,women,1720566,1705147,1697196,1701532,1712275,1720658,1730489,1725747,1698274,1656341,1622999,1559219,1532958,1517040,1510695,1491555,1453276,1441256,1430975,1409492,1412981,1417634,1413595,1432449,1461721,1431743,1420543,1446052,1437712,1428718,1418719,1407264,1394489,1381238,1367605,1353804,1339969,1326050,1312420,1299477,1286690,1273759,1261394,1249764,1238765,1228121,1217637,1207825,1198513,1189621,1181062
20,women,1731015,1719586,1704199,1696274,1700631,1711401,1719810,1729720,1725041,1697583,1655665,1622326,1558569,1532307,1516405,1510071,1490950,1452701,1440698,1430433,1408972,1412469,1417125,1413106,1431957,1461227,1431266,1420079,1445586,1437252,1428268,1418281,1406833,1394071,1380825,1367207,1353408,1339581,1325669,1312048,1299115,1286329,1273411,1261052,1249428,1238431,1227797,1217315,1207509,1198202,1189312
21,women,1738730,1729918,1718531,1703180,1695286,1699665,1710459,1718966,1728967,1724307,1696848,1654933,1621594,1557852,1531594,1515718,1509395,1490294,1452073,1440092,1429840,1408405,1411912,1416572,1412567,1431420,1460687,1430745,1419574,1445077,1436753,1427775,1417802,1406363,1393609,1380372,1366764,1352973,1339154,1325249,1311639,1298715,1285931,1273026,1260673,1249059,1238063,1227432,1216960,1207164,1197858
22,women,1746453,1737639,1728854,1717502,1702188,1694326,1698739,1709621,1718220,1728232,1723558,1696100,1654184,1620846,1557133,1530900,1515041,1508734,1489655,1451458,1439494,1429260,1407845,1411361,1416031,1412042,1430894,1460161,1430237,1419071,1444574,1436264,1427291,1417322,1405898,1393154,1379925,1366325,1352540,1338736,1324835,1311237,1298320,1285542,1272643,1260294,1248689,1237701,1227080,1216613,1206821
23,women,1754090,1745356,1736574,1727821,1716503,1701226,1693407,1697906,1708886,1717498,1727489,1722797,1695332,1653418,1620096,1556426,1530218,1514380,1508088,1489028,1450859,1438911,1428692,1407298,1410821,1415502,1411519,1430372,1459639,1429737,1418580,1444077,1435779,1426817,1416853,1405439,1392704,1379485,1365895,1352116,1338323,1324429,1310837,1297931,1285158,1272265,1259921,1248324,1237342,1226724,1216261
24,women,1760375,1752994,1744295,1735540,1726819,1715540,1700302,1692587,1697176,1708168,1716761,1726729,1722024,1694551,1652657,1619368,1555738,1529549,1513729,1507455,1488413,1450266,1438337,1428129,1406758,1410289,1414982,1411012,1429862,1459125,1429244,1418099,1443587,1435302,1426347,1416394,1404985,1392254,1379050,1365467,1351698,1337911,1324026,1310438,1297537,1284778,1271889,1259552,1247958,1236988,1226377
25,women,1764726,1759130,1751787,1743129,1734408,1725734,1714505,1699432,1691842,1696424,1707383,1715945,1725869,1721136,1693676,1651820,1618571,1554982,1528818,1513017,1506759,1487738,1449621,1437710,1427521,1406166,1409709,1414406,1410453,1429307,1458563,1428704,1417572,1443050,1434781,1425834,1415887,1404491,1391765,1378576,1364998,1351240,1337464,1323586,1310013,1297113,1284362,1271479,1259152,1247563,1236600
26,women,1767952,1763345,1757789,1750485,1741869,1733191,1724581,1713530,1698644,1691075,1695612,1706512,1715025,1724897,1720157,1692733,1650916,1617700,1554164,1528029,1512254,1506011,1487010,1448924,1437028,1426860,1405524,1409079,1413792,1409850,1428705,1457958,1428120,1416998,1442468,1434215,1425278,1415336,1403954,1391242,1378062,1364494,1350740,1336978,1323108,1309546,1296656,1283913,1271037,1258713,1247134
27,women,1762625,1766569,1762003,1756487,1749222,1740653,1732031,1723607,1712736,1697874,1690263,1694756,1705605,1714065,1723913,1719199,1691810,1650034,1616858,1553362,1527250,1511498,1505273,1486289,1448234,1436356,1426211,1404900,1408456,1413182,1409256,1428112,1457361,1427547,1416437,1441900,1433656,1424730,1414800,1403423,1390725,1377551,1363996,1350247,1336499,1322639,1309084,1296201,1283468,1270603,1258281
28,women,1745200,1761249,1765231,1760702,1755223,1748002,1739489,1731045,1722812,1711961,1697066,1689415,1693855,1704651,1713093,1722955,1718267,1690909,1649164,1616030,1552580,1526492,1510759,1504555,1485587,1447563,1435693,1425573,1404283,1407850,1412583,1408671,1427528,1456770,1426980,1415878,1441340,1433103,1424181,1414268,1402902,1390212,1377050,1363502,1349759,1336026,1322175,1308628,1295750,1283025,1270173
29,women,1719001,1743844,1759911,1763931,1759440,1754005,1746841,1738504,1730245,1722036,1711148,1696212,1688520,1692906,1703688,1712147,1722017,1717345,1690023,1648319,1615216,1551814,1525748,1510035,1503852,1484889,1446903,1435047,1424943,1403673,1407250,1411996,1408098,1426952,1456190,1426421,1415329,1440784,1432559,1423646,1413743,1402381,1389703,1376551,1363018,1349282,1335559,1321714,1308174,1295304,1282587
30,women,1692130,1717425,1742293,1758384,1762439,1757996,1752619,1745584,1737429,1729208,1720981,1710076,1695122,1687403,1691774,1702573,1711050,1720941,1716292,1689002,1647341,1614276,1550928,1524884,1509193,1503030,1484084,1446133,1434300,1424213,1402966,1406549,1411310,1407424,1426276,1455510,1425763,1414685,1440134,1431919,1423019,1413128,1401774,1389106,1375962,1362443,1348716,1335001,1321171,1307639,1294778
31,women,1664448,1690337,1715654,1740547,1756668,1760771,1756388,1751142,1744246,1736125,1727897,1719671,1708767,1693815,1686106,1690500,1701317,1709811,1719718,1715097,1687849,1646233,1613206,1549919,1523904,1508244,1502098,1483172,1445255,1433442,1423377,1402163,1405758,1410529,1406657,1425508,1454734,1425012,1413945,1439390,1431185,1422302,1412416,1401080,1388420,1375292,1361783,1348070,1334361,1320547,1307025
32,women,1631886,1662685,1688600,1713937,1738855,1755010,1759165,1754909,1749796,1742933,1734816,1726587,1718356,1707446,1692516,1684841,1689251,1700086,1708600,1718523,1713928,1686717,1645145,1612159,1548930,1522944,1507312,1501181,1482280,1444399,1432605,1422558,1401369,1404975,1409752,1405902,1424755,1453968,1424275,1413220,1438660,1430464,1421597,1411713,1400393,1387746,1374632,1361130,1347431,1333730,1319927
33,women,1593718,1630169,1660981,1686914,1712270,1737212,1753408,1757688,1753562,1748485,1741616,1733502,1725267,1717037,1706138,1691244,1683600,1688036,1698888,1707419,1717352,1712781,1685606,1644083,1611133,1547959,1521999,1506392,1500280,1481397,1443551,1431777,1421753,1400589,1404203,1408989,1405148,1424005,1453212,1423540,1412500,1437935,1429749,1420894,1411021,1399713,1387076,1373976,1360484,1346794,1333106
34,women,1552480,1592040,1628496,1659320,1685274,1710659,1735629,1751938,1756346,1752247,1747162,1740296,1732179,1723935,1715725,1704858,1690003,1682380,1686841,1697709,1706258,1716202,1711649,1684509,1643035,1610121,1547002,1521070,1505484,1499388,1480528,1442719,1430963,1420954,1399817,1403440,1408236,1404405,1423259,1452466,1422812,1411785,1437217,1429041,1420197,1410333,1399041,1386413,1373323,1359840,1346159
35,women,1510490,1550550,1590111,1626574,1657411,1683384,1708807,1733858,1750279,1754726,1750635,1745548,1738695,1730583,1722354,1714186,1703353,1688541,1680947,1685433,1696310,1704880,1714841,1710309,1683208,1641788,1608919,1545863,1519954,1504393,1498320,1479481,1441712,1429979,1419986,1398884,1402513,1407322,1403506,1422358,1451554,1421927,1410909,1436337,1428172,1419344,1409488,1398209,1385591,1372517,1359050
36,women,1466152,1508315,1548380,1587940,1624400,1655259,1681261,1706766,1731910,1748348,1752804,1748731,1743649,1736816,1728734,1720544,1712420,1701626,1686863,1679307,1683818,1694703,1703286,1713267,1708760,1681698,1640341,1607516,1544534,1518663,1503120,1497078,1478260,1440539,1428827,1418856,1397793,1401424,1406247,1402444,1421296,1450478,1420894,1409882,1435294,1427144,1418334,1408490,1397221,1384624,1371564
37,women,1430958,1464048,1506201,1546267,1585830,1622292,1653171,1679258,1704853,1730008,1746439,1750898,1746838,1741765,1734963,1726925,1718775,1710688,1699941,1685215,1677695,1682224,1693131,1701725,1711718,1707239,1680217,1638919,1606135,1543221,1517386,1501872,1495857,1477056,1439380,1427693,1417744,1396717,1400355,1405190,1401395,1420248,1449412,1419863,1408869,1434265,1426129,1417331,1407503,1396246,1383660
38,women,1410505,1428906,1462002,1504149,1544209,1583778,1620249,1651208,1677375,1702980,1728122,1744544,1749007,1744956,1739910,1733148,1725158,1717039,1708991,1698287,1683597,1676113,1680659,1691580,1700189,1710195,1705736,1678754,1637516,1604776,1541928,1516125,1500638,1494645,1475870,1438231,1426567,1416642,1395644,1399293,1404141,1400356,1419211,1448358,1418833,1407862,1433246,1425117,1416333,1406517,1395280
39,women,1399476,1408485,1426918,1460014,1502153,1542208,1581789,1618326,1649365,1675539,1701124,1726247,1742659,1747127,1743096,1738093,1731367,1723419,1715339,1707330,1696665,1682007,1674553,1679125,1690058,1698671,1708692,1704256,1677312,1636128,1603435,1540659,1514882,1499424,1493449,1474698,1437098,1425452,1415551,1394585,1398240,1403095,1399322,1418180,1447313,1417822,1406859,1432232,1424113,1415343,1405546
40,women,1386670,1396995,1406046,1424502,1457600,1499727,1539780,1579400,1615998,1647044,1673202,1698776,1723884,1740286,1744781,1740793,1735836,1729158,1721251,1713217,1705254,1694630,1680021,1672599,1677189,1688139,1696764,1706796,1702389,1675491,1634371,1601732,1539040,1513301,1497872,1491919,1473200,1435650,1424034,1414153,1393227,1396890,1401756,1397996,1416845,1445959,1416509,1405563,1430922,1422819,1414057
41,women,1373995,1383714,1394087,1403193,1421671,1454774,1496887,1536963,1576617,1613204,1644231,1670379,1695941,1721037,1737452,1741986,1738051,1733149,1726516,1718662,1710678,1702765,1692191,1677630,1670250,1674863,1685825,1694465,1704508,1700135,1673291,1632246,1599677,1537079,1511380,1495990,1490063,1471376,1433885,1422297,1412449,1391567,1395238,1400120,1396379,1415214,1444304,1414900,1403971,1429310,1421226
42,women,1359337,1371063,1380837,1391250,1400409,1418914,1452021,1494160,1534267,1573900,1610450,1641458,1667591,1693140,1718236,1734675,1739249,1735362,1730506,1723919,1716120,1708185,1700314,1689789,1675281,1667942,1672578,1683547,1692199,1702247,1697906,1671119,1630146,1597638,1535140,1509481,1494128,1488225,1469577,1432145,1420584,1410764,1389926,1393602,1398495,1394770,1413599,1442661,1413306,1402395,1427712
43,women,1340415,1356444,1368211,1378037,1388489,1397702,1416230,1449375,1491546,1531627,1571226,1607740,1638723,1664843,1690387,1715489,1731953,1736561,1732722,1727915,1721368,1713619,1705731,1697906,1687421,1672961,1665657,1670318,1681297,1689963,1700019,1695709,1668974,1628072,1595624,1533221,1507603,1492287,1486405,1467789,1430412,1418886,1409094,1388293,1391984,1396881,1393177,1411993,1441032,1411719,1400830
44,women,1318275,1337574,1353633,1365438,1375311,1385807,1395071,1413662,1446838,1488988,1529029,1568587,1605075,1636025,1662136,1687689,1712793,1729286,1733919,1730122,1725365,1718860,1711153,1703307,1695527,1685089,1670676,1663406,1668087,1679072,1687749,1697813,1693530,1666845,1626016,1593636,1531319,1505745,1490456,1484599,1466021,1428696,1417193,1407437,1386672,1390370,1395275,1391592,1410400,1439414,1410140
45,women,1296576,1314722,1334042,1350137,1361990,1371917,1382462,1391819,1410475,1443631,1485727,1525722,1565224,1601681,1632606,1658718,1684273,1709376,1725890,1730558,1726816,1722113,1715663,1708009,1700216,1692480,1682101,1667742,1660516,1665219,1676212,1684897,1694969,1690720,1664101,1623350,1591058,1528855,1503331,1488085,1482249,1463721,1426466,1414994,1405269,1384559,1388264,1393182,1389515,1408306,1437286
46,women,1274963,1292313,1310498,1329849,1345981,1357878,1367872,1378506,1387961,1406633,1439746,1481777,1521712,1561153,1597576,1628487,1654595,1680149,1705249,1721788,1726493,1722809,1718166,1711780,1704182,1696456,1688773,1678457,1664160,1656990,1661711,1672712,1681410,1691490,1687271,1660737,1620089,1587890,1525830,1500366,1485174,1479363,1460891,1423719,1412286,1402598,1381949,1385668,1390594,1386951,1405727
47,women,1249503,1270779,1288162,1306378,1325758,1341927,1353880,1363961,1374685,1384189,1402857,1435922,1477892,1517763,1557157,1593544,1624448,1650547,1676100,1701190,1717752,1722495,1718865,1714279,1707954,1700412,1692746,1685116,1674860,1660626,1653502,1658245,1669253,1677959,1688046,1683859,1657400,1616858,1584748,1522830,1497427,1482286,1476508,1458082,1420993,1409601,1399947,1379357,1383087,1388027,1384401
48,women,1218731,1245404,1266711,1284122,1302367,1321772,1337975,1350019,1360189,1370950,1380475,1399140,1432159,1474069,1513883,1553237,1589586,1620474,1646565,1672118,1697203,1713778,1718559,1714977,1710448,1704179,1696695,1689082,1681505,1671304,1657134,1650055,1654817,1665830,1674545,1684635,1680483,1654098,1613660,1581635,1519855,1494514,1479423,1473675,1455293,1418283,1406936,1397314,1376781,1380522,1385472
49,women,1184150,1214744,1241420,1262748,1280184,1298457,1317891,1334164,1346290,1356498,1367280,1376825,1395486,1428459,1470304,1510077,1549389,1585705,1616575,1642655,1668194,1693280,1709868,1714679,1711146,1706673,1700455,1693025,1685465,1677943,1667794,1653679,1646652,1651430,1662442,1671165,1681259,1677138,1650822,1610492,1578553,1516912,1491625,1476581,1470859,1452524,1415596,1404285,1394705,1374228,1377980
50,women,1148924,1179366,1209945,1236624,1257973,1275441,1293739,1313206,1329550,1341724,1351961,1362770,1372347,1391001,1423934,1465712,1505428,1544682,1580947,1611789,1637857,1663376,1688453,1705053,1709897,1706427,1702010,1695859,1688485,1680985,1673531,1663441,1649395,1642420,1647221,1658240,1666963,1677057,1672977,1646741,1606538,1574702,1513229,1488017,1473028,1467336,1449060,1412237,1400967,1391428,1371020
51,women,1112663,1143385,1173811,1204369,1231040,1252401,1269903,1288247,1307742,1324113,1336326,1346603,1357444,1367060,1385715,1418602,1460296,1499939,1539126,1575333,1606133,1632177,1657676,1682733,1699341,1704222,1700820,1696466,1690389,1683087,1675652,1668272,1658254,1644291,1637371,1642193,1653210,1661937,1672032,1667997,1641866,1601804,1570092,1508816,1483686,1468763,1463108,1444904,1408201,1396987,1387494
52,women,1075667,1107306,1138000,1168398,1198939,1225602,1246970,1264515,1282897,1302399,1318785,1331032,1341352,1352220,1361875,1380532,1413369,1454979,1494552,1533666,1569811,1600570,1626592,1652064,1677104,1693709,1698631,1695294,1691000,1684990,1677759,1670391,1663081,1653128,1639244,1632379,1637220,1648238,1656963,1667054,1663055,1637029,1597111,1565521,1504438,1479396,1464535,1458917,1440776,1404193,1393033
53,women,1038471,1070489,1102090,1132760,1163126,1193643,1220298,1241692,1259276,1277673,1297172,1313566,1325844,1336196,1347095,1356789,1375446,1408233,1449761,1489252,1528296,1564384,1595096,1621091,1646534,1671552,1688157,1693112,1689839,1685603,1679658,1672494,1665185,1657943,1648061,1634252,1627443,1632295,1643315,1652038,1662126,1658162,1632236,1592457,1560990,1500090,1475134,1460338,1454763,1436681,1400212
54,women,1001046,1033471,1065452,1097018,1127660,1157990,1188481,1215138,1236550,1254152,1272552,1292050,1308451,1320759,1331141,1342070,1351798,1370458,1403189,1444629,1484047,1523014,1559037,1589711,1615669,1641084,1666074,1682682,1687672,1684450,1680269,1674387,1667290,1660045,1652859,1643047,1629306,1622551,1627421,1638432,1647155,1657243,1653309,1627484,1587839,1556494,1495785,1470907,1456172,1450631,1432614
55,women,962857,995127,1027489,1059420,1090938,1121541,1151827,1182284,1208941,1230345,1247961,1266357,1285845,1302251,1314588,1325009,1335975,1345736,1364386,1397055,1438379,1477703,1516573,1552507,1583127,1609043,1634419,1659373,1675971,1680996,1677839,1673730,1667915,1660894,1653727,1646610,1636878,1623219,1616527,1621413,1632413,1641133,1651213,1647321,1621617,1582136,1550934,1490459,1465682,1451024,1445521
56,women,924067,956066,988270,1020563,1052424,1083875,1114430,1144675,1175082,1201708,1223096,1240715,1259109,1278585,1294995,1307363,1317825,1328826,1338628,1357265,1389842,1431027,1470239,1508992,1544822,1575360,1601228,1626550,1651460,1668046,1673110,1670023,1665994,1660260,1653320,1646238,1639199,1629558,1615997,1609378,1614279,1625269,1633981,1644048,1640209,1614642,1575358,1544325,1484124,1459461,1444889
57,women,885741,917556,949476,981602,1013821,1045617,1077001,1107507,1137716,1168062,1194640,1216008,1233630,1252007,1271476,1287890,1300286,1310783,1321814,1331649,1350275,1382762,1423808,1462895,1501532,1537262,1567713,1593532,1618801,1643659,1660223,1665330,1662315,1658354,1652698,1645837,1638837,1631873,1622320,1608860,1602305,1607217,1618194,1626902,1636952,1633160,1607730,1568642,1537775,1477847,1453295
58,women,848371,879493,911229,943070,975125,1007263,1038987,1070318,1100773,1130919,1161198,1187728,1209068,1226688,1245056,1264511,1280922,1293349,1303873,1314927,1324793,1343402,1375796,1416705,1455672,1494185,1529809,1560185,1585943,1611156,1635965,1652505,1657651,1654703,1650807,1645226,1638445,1631520,1624628,1615158,1601797,1595305,1600228,1611192,1619895,1629922,1626174,1600881,1561979,1531276,1471621
59,women,811707,842391,873426,905082,936842,968823,1000880,1032546,1063818,1094206,1124281,1154491,1180967,1202278,1219887,1238247,1257687,1274094,1286545,1297092,1308169,1318060,1336648,1368949,1409718,1448558,1486950,1522466,1552766,1578461,1603616,1628366,1644889,1650067,1647185,1643356,1637837,1631132,1624279,1617460,1608077,1594799,1588375,1593309,1604254,1612949,1622962,1619252,1594093,1555376,1524831
60,women,775412,804620,835191,866117,897662,929313,961194,993152,1024733,1055906,1086195,1116174,1146287,1172692,1193970,1211563,1229905,1249316,1265707,1278176,1288744,1299844,1309753,1328302,1360484,1401084,1439756,1477992,1513367,1543559,1569169,1594251,1618928,1635416,1640621,1637814,1634062,1628624,1622008,1615241,1608500,1599223,1586048,1579696,1584647,1595564,1604238,1614235,1610568,1585577,1547091
61,women,740045,767292,796372,826807,857594,889009,920516,952280,984121,1015569,1046613,1076777,1106637,1136635,1162947,1184179,1201747,1220054,1239422,1255793,1268269,1278859,1289975,1299905,1318408,1350437,1390824,1429292,1467335,1502530,1532595,1558107,1583084,1607668,1624109,1629343,1626623,1622951,1617610,1611090,1604428,1597779,1588614,1575574,1569303,1574261,1585151,1593799,1603765,1600150,1575351
62,women,703981,732303,759433,788382,818675,849317,880603,911984,943622,975327,1006636,1037550,1067587,1097322,1127197,1153419,1174596,1192141,1210406,1229730,1246073,1258554,1269163,1280282,1290226,1308681,1340556,1380728,1418992,1456852,1491868,1521794,1547206,1572072,1596560,1612958,1618216,1615576,1611981,1606738,1600303,1593744,1587186,1578121,1565213,1559026,1563988,1574841,1583465,1593403,1589839
63,women,666522,696614,724798,751810,780628,810779,841282,872437,903688,935193,966750,997917,1028702,1058606,1088224,1117978,1144105,1165216,1182735,1200958,1220231,1236541,1249021,1259643,1270769,1280718,1299120,1330839,1370796,1408855,1446524,1481365,1511155,1536457,1561217,1585608,1601958,1607233,1604667,1601150,1595995,1589645,1583183,1576714,1567752,1554974,1548865,1553829,1564641,1573238,1583146
64,women,628820,659537,689473,717519,744414,773099,803112,833482,864512,895612,926971,958378,989407,1020056,1049829,1079325,1108957,1134988,1156037,1173516,1191696,1210919,1227191,1239662,1250290,1261424,1271375,1289714,1321277,1361018,1398878,1436352,1471014,1500668,1525858,1550512,1574802,1591103,1596398,1593900,1590454,1585383,1579120,1572742,1566365,1557499,1544844,1538809,1543776,1554550,1563116
65,women,592109,620449,650945,680674,708539,735277,763784,793617,823808,854653,885558,916729,947939,978785,1009255,1038861,1068195,1097664,1123562,1144525,1161952,1180060,1199207,1215430,1227886,1238511,1249645,1259589,1277851,1309214,1348675,1386277,1423493,1457926,1487393,1512444,1536957,1561109,1577339,1582655,1580239,1576880,1571909,1565758,1559482,1553217,1544471,1531966,1526020,1530987,1541710
66,women,555425,582497,610585,640808,670284,697927,724464,752762,782364,812318,842930,873594,904529,935503,966121,996373,1025771,1054902,1084166,1109897,1130747,1148101,1166124,1185174,1201324,1213759,1224369,1235492,1245425,1263588,1294695,1333815,1371105,1408007,1442163,1471399,1496276,1520617,1544597,1560737,1566069,1563747,1560494,1555636,1549611,1543462,1537320,1528714,1516393,1510549,1515515
67,women,523859,546402,573230,601067,631020,660244,687669,714003,742091,771460,801170,831542,861969,892663,923403,953793,983821,1013008,1041934,1070990,1096551,1117287,1134563,1152492,1171438,1187518,1199923,1210517,1221619,1231538,1249597,1280453,1319230,1356204,1392792,1426671,1455677,1480373,1504543,1528350,1544399,1549745,1547506,1544356,1539606,1533704,1527674,1521656,1513181,1501035,1495296
68,women,499841,515341,537710,564296,591885,621564,650535,677747,703884,731744,760876,790349,820479,850667,881117,911629,941788,971594,1000566,1029279,1058123,1083516,1104135,1121323,1139163,1157994,1173996,1186367,1196941,1208015,1217921,1235865,1266470,1304909,1341565,1377845,1411442,1440224,1464737,1488725,1512359,1528311,1533675,1531519,1528458,1523814,1518028,1512107,1506210,1497869,1485890
69,women,480756,491719,507135,529328,555669,583018,612420,641147,668144,694079,721710,750601,779837,809724,839671,869881,900159,930087,959667,988423,1016923,1045555,1070773,1091273,1108367,1126113,1144828,1160745,1173075,1183630,1194673,1204557,1222388,1252736,1290842,1327177,1363152,1396465,1425018,1449348,1473156,1496617,1512470,1517843,1515766,1512790,1508250,1502576,1496765,1490975,1482766
70,women,461864,470722,481653,496952,518907,544933,571964,601017,629419,656117,681773,709101,737674,766591,796161,825791,855684,885643,915264,944546,973010,1001229,1029575,1054548,1074877,1091845,1109450,1128004,1143808,1156068,1166584,1177574,1187424,1205093,1235108,1272775,1308689,1344253,1377195,1405443,1429528,1453098,1476327,1492039,1497420,1495437,1492562,1488140,1482605,1476933,1471276
71,women,444472,450015,458879,469764,484909,506565,532204,558839,587462,615451,641779,667096,694046,722230,750748,779917,809152,838652,868219,897449,926358,954454,982315,1010308,1034982,1055089,1071886,1089311,1107662,1123310,1135475,1145936,1156848,1166641,1184107,1213714,1250830,1286231,1321288,1353767,1381640,1405417,1428691,1451632,1467169,1472543,1470661,1467905,1463625,1458255,1452748
72,women,424512,433076,438701,447557,458381,473368,494729,519994,546238,574430,602002,627959,652940,679507,707305,735436,764210,793057,822161,851333,880177,908712,936441,963944,991578,1015954,1035840,1052462,1069698,1087846,1103336,1115403,1125796,1136624,1146359,1163616,1192815,1229389,1264282,1298840,1330860,1358360,1381830,1404809,1427455,1442817,1448182,1446397,1443755,1439602,1434386
73,women,399586,413630,422189,427877,436717,447477,462301,483369,508264,534118,561881,589046,614634,639277,665469,692883,720627,749006,777464,806174,834957,863415,891580,918946,946093,973368,997443,1017096,1033543,1050590,1068524,1083858,1095826,1106147,1116887,1126557,1143609,1172399,1208436,1242822,1276885,1308449,1335578,1358739,1381424,1403784,1418966,1424312,1422619,1420090,1416064
74,women,371790,389346,403230,411776,417515,426327,437019,451684,472459,496975,522450,549789,576554,601769,626080,651907,678938,706294,734279,762352,790670,819064,847137,874933,901938,928729,955649,979420,998848,1015110,1031969,1049689,1064857,1076718,1086960,1097612,1107208,1124053,1152434,1187948,1221834,1255407,1286521,1313280,1336136,1358526,1380597,1395604,1400921,1399314,1396889
75,women,345378,359538,376748,390418,398928,404721,413481,424069,438521,458920,482943,507920,534718,560976,585718,609592,634950,661486,688349,715827,743397,771213,799101,826677,853990,880528,906860,933316,956691,975820,991845,1008456,1025896,1040849,1052568,1062706,1073233,1082724,1099309,1127164,1161998,1195247,1228188,1258729,1285010,1307476,1329482,1351176,1365951,1371233,1369737
76,women,319231,331343,345198,361991,375400,383843,389681,398374,408824,422993,442928,466368,490738,516879,542510,566686,590031,614820,640747,667008,693870,720826,748028,775303,802275,828995,854959,880730,906618,929514,948275,964005,980311,997405,1012091,1023630,1033632,1044008,1053363,1069624,1096852,1130861,1163338,1195513,1225356,1251051,1273043,1294578,1315818,1330309,1335539
77,women,295403,306274,318142,331689,348068,361212,369582,375441,384049,394354,408249,427722,450585,474365,499868,524889,548503,571324,595555,620886,646556,672811,699160,725759,752432,778803,804942,830346,855557,880888,903305,921700,937134,953133,969886,984301,995656,1005511,1015728,1024948,1040882,1067490,1100696,1132414,1163845,1193002,1218118,1239644,1260719,1281506,1295714
78,women,275263,283420,294079,305698,318944,334919,347797,356082,361949,370460,380612,394227,413247,435551,458751,483629,508055,531123,553424,577106,601848,626935,652593,678351,704353,730436,756221,781777,806633,831299,856077,878020,896048,911186,926873,943293,957432,968600,978306,988362,997442,1013054,1039052,1071471,1102450,1133142,1161631,1186183,1207243,1227863,1248201
79,women,257509,264102,272148,282590,293963,306907,322486,335095,343285,349151,357552,367546,380887,399453,421218,443849,468116,491953,514487,536279,559423,583592,608109,633180,658358,683769,709268,734483,759467,783775,807904,832144,853617,871277,886124,901502,917586,931449,942429,951979,961871,970806,986096,1011499,1043144,1073402,1103369,1131205,1155203,1175798,1195977
80,women,239258,243919,250425,258314,268473,279525,292077,307159,319416,327472,333307,341562,351339,364324,382308,403381,425294,448786,471875,493725,514862,537315,560754,584536,608861,633297,657953,682704,707178,731439,755046,778475,802019,822895,840078,854543,869523,885176,898680,909415,918758,928432,937176,952056,976697,1007361,1036694,1065743,1092732,1116024,1136030
81,women,220819,223506,228173,234561,242249,252057,262717,274796,289273,301098,308974,314760,322827,332334,344888,362174,382407,403460,426016,448204,469230,489583,511201,533762,556655,580074,603613,627362,651208,674791,698175,720934,743525,766226,786372,802984,816983,831468,846597,859664,870097,879188,888591,897100,911477,935198,964687,992902,1020853,1046832,1069268
82,women,202484,206284,209076,213721,219974,227451,236917,247184,258810,272697,284105,291789,297501,305371,314597,326727,343347,362769,382989,404649,425972,446202,465792,486601,508315,530353,552898,575568,598442,621406,644127,666660,688599,710371,732263,751693,767745,781286,795293,809909,822546,832671,841512,850638,858915,872800,895632,923990,951127,978019,1003024
83,women,184031,189159,192970,195838,200435,206545,213799,222932,232812,243994,257313,268307,275792,281419,289084,298032,309745,325717,344364,363782,384581,405070,424527,443388,463413,484306,505518,527220,549049,571080,593190,615078,636782,657931,678910,700011,718749,734254,747344,760880,774991,787213,797030,805618,814478,822514,835921,857893,885162,911265,937131
84,women,165224,171915,176950,180752,183666,188199,194160,201184,209985,219495,230240,243015,253606,260886,266418,273866,282538,293845,309193,327096,345745,365710,385402,404110,422263,441534,461636,482053,502941,523951,545165,566455,587537,608437,628819,649035,669366,687438,702404,715057,728133,741753,753562,763079,771413,780008,787802,800744,821892,848106,873208
85,women,145834,151275,157679,162570,166332,169275,173704,179460,186197,194575,203624,213824,225927,236009,243024,248421,255589,263907,274694,289267,306247,323938,342879,361576,379360,396632,414967,434085,453511,473391,493388,513583,533851,553935,573838,593259,612532,631908,649152,663449,675554,688054,701069,712363,721500,729518,737771,745269,757628,777752,802675
86,women,125634,130554,135737,141790,146486,150171,153116,157402,162895,169281,177160,185660,195227,206539,216020,222709,227923,234753,242642,252819,266478,282375,298944,316682,334213,350914,367153,384385,402353,420610,439305,458112,477111,496175,515084,533825,552114,570268,588524,604792,618304,629765,641584,653886,664579,673258,680899,688743,695887,707567,726489
87,women,104386,112473,117140,122058,127765,132256,135837,138748,142875,148101,154143,161546,169517,178484,189061,197967,204330,209344,215852,223316,232910,245718,260594,276114,292722,309156,324834,340102,356294,373177,390338,407911,425587,443462,461396,479190,496831,514056,531155,548347,563694,576451,587291,598460,610081,620199,628435,635708,643158,649953,660987
88,women,81874,93451,100918,105333,109986,115354,119633,123091,125943,129901,134861,140565,147518,154992,163391,173273,181632,187680,192487,198673,205734,214765,226775,240698,255229,270783,286190,300906,315256,330468,346328,362458,378979,395595,412401,429269,446008,462612,478824,494929,511114,525582,537626,547874,558424,569392,578960,586775,593688,600758,607215
89,women,57857,73301,83849,90744,94909,99305,104346,108411,111736,114506,118290,122989,128364,134886,141889,149756,158993,166836,172569,177168,183035,189709,198204,209464,222502,236111,250677,265122,278931,292416,306705,321603,336761,352281,367906,383706,399567,415310,430933,446199,461359,476596,490228,501592,511276,521237,531589,540627,548031,554598,561305
90,women,299377,303275,320960,346041,374235,402722,431711,461744,491843,521388,549987,578698,608342,639404,672708,708377,746862,789019,833124,877075,919928,962997,1007016,1053519,1104693,1161569,1223950,1292026,1365005,1441733,1521483,1604650,1691387,1781513,1874969,1971456,2070785,2172676,2276714,2382536,2489591,2597630,2706598,2814921,2920605,3022439,3121128,3217393,3310325,3398853,3482771
,,,,,,,,,,,,,,,,,,,,,,,,,,,,,,,,,,,,,,,,,,,,,,,,,,,,
,,,,,,,,,,,,,,,,,,,,,,,,,,,,,,,,,,,,,,,,,,,,,,,,,,,,
,,,,,,,,,,,,,,,,,,,,,,,,,,,,,,,,,,,,,,,,,,,,,,,,,,,,
,,,,,,,,,,,,,,,,,,,,,,,,,,,,,,,,,,,,,,,,,,,,,,,,,,,,
